vol_tmpfs_kvm,16384,1.2479369e-05
vol_tmpfs_kvm,16384,1.4972413e-05
vol_tmpfs_kvm,16384,1.2027398e-05
vol_tmpfs_kvm,16384,1.3293559e-05
vol_tmpfs_kvm,16384,1.4722405e-05
vol_tmpfs_kvm,16384,1.2727864e-05
vol_tmpfs_kvm,16384,1.3283709e-05
vol_tmpfs_kvm,16384,1.3041539e-05
vol_tmpfs_kvm,16384,1.3286085e-05
vol_tmpfs_kvm,16384,1.459441e-05
vol_tmpfs_kvm,16384,1.4074911e-05
vol_tmpfs_kvm,16384,1.3072306e-05
vol_tmpfs_kvm,16384,1.3780574e-05
vol_tmpfs_kvm,16384,1.3759964e-05
vol_tmpfs_kvm,16384,1.3121345e-05
vol_tmpfs_kvm,16384,1.425138e-05
vol_tmpfs_kvm,16384,1.3021158e-05
vol_tmpfs_kvm,16384,1.3445335e-05
vol_tmpfs_kvm,16384,1.4589807e-05
vol_tmpfs_kvm,16384,1.374295e-05
vol_tmpfs_kvm,16384,1.4255304e-05
vol_tmpfs_kvm,16384,1.1627443e-05
vol_tmpfs_kvm,16384,1.4884305e-05
vol_tmpfs_kvm,16384,1.3187853e-05
vol_tmpfs_kvm,16384,1.4482385e-05
vol_tmpfs_kvm,16384,1.1416371e-05
vol_tmpfs_kvm,16384,1.3816042e-05
vol_tmpfs_kvm,16384,1.4072799e-05
vol_tmpfs_kvm,16384,1.404237e-05
vol_tmpfs_kvm,16384,1.3517324e-05
vol_tmpfs_kvm,16384,1.3535137e-05
vol_tmpfs_kvm,16384,1.3476787e-05
vol_tmpfs_kvm,16384,1.3747565e-05
vol_tmpfs_kvm,16384,1.232099e-05
vol_tmpfs_kvm,16384,1.4078355e-05
vol_tmpfs_kvm,16384,1.2965713e-05
vol_tmpfs_kvm,16384,1.4284688e-05
vol_tmpfs_kvm,16384,1.3600198e-05
vol_tmpfs_kvm,16384,1.3813678e-05
vol_tmpfs_kvm,16384,1.4448789e-05
vol_tmpfs_kvm,16384,1.455172e-05
vol_tmpfs_kvm,16384,1.3372221e-05
vol_tmpfs_kvm,16384,1.3572939e-05
vol_tmpfs_kvm,16384,1.4094324e-05
vol_tmpfs_kvm,16384,1.3057082e-05
vol_tmpfs_kvm,16384,1.3241442e-05
vol_tmpfs_kvm,16384,1.4030586e-05
vol_tmpfs_kvm,16384,1.299877e-05
vol_tmpfs_kvm,16384,1.2377474e-05
vol_tmpfs_kvm,16384,1.4570642e-05
vol_tmpfs_kvm,16384,1.4025496e-05
vol_tmpfs_kvm,16384,1.4091851e-05
vol_tmpfs_kvm,16384,1.3527996e-05
vol_tmpfs_kvm,16384,1.2523436e-05
vol_tmpfs_kvm,16384,1.4250474e-05
vol_tmpfs_kvm,16384,1.3435245e-05
vol_tmpfs_kvm,16384,1.357012e-05
vol_tmpfs_kvm,16384,1.3255772e-05
vol_tmpfs_kvm,16384,1.3461266e-05
vol_tmpfs_kvm,16384,1.3734742e-05
vol_tmpfs_kvm,16384,1.3728044e-05
vol_tmpfs_kvm,16384,1.3520539e-05
vol_tmpfs_kvm,16384,1.3478826e-05
vol_tmpfs_kvm,16384,1.3457796e-05
vol_tmpfs_kvm,16384,1.3256669e-05
vol_tmpfs_kvm,16384,1.3556216e-05
vol_tmpfs_kvm,16384,1.3343702e-05
vol_tmpfs_kvm,16384,1.2640853e-05
vol_tmpfs_kvm,16384,1.4008395e-05
vol_tmpfs_kvm,16384,1.3783058e-05
vol_tmpfs_kvm,16384,1.3368706e-05
vol_tmpfs_kvm,16384,1.383608e-05
vol_tmpfs_kvm,16384,1.2905066e-05
vol_tmpfs_kvm,16384,1.3695498e-05
vol_tmpfs_kvm,16384,1.3519312e-05
vol_tmpfs_kvm,16384,1.3507779e-05
vol_tmpfs_kvm,16384,1.272465e-05
vol_tmpfs_kvm,16384,1.2897533e-05
vol_tmpfs_kvm,16384,1.1549731e-05
vol_tmpfs_kvm,16384,1.3687732e-05
vol_tmpfs_kvm,16384,1.3293383e-05
vol_tmpfs_kvm,16384,1.4027218e-05
vol_tmpfs_kvm,16384,1.3224197e-05
vol_tmpfs_kvm,16384,1.3893567e-05
vol_tmpfs_kvm,16384,1.3518099e-05
vol_tmpfs_kvm,16384,1.3041205e-05
vol_tmpfs_kvm,16384,1.3992324e-05
vol_tmpfs_kvm,16384,1.3725538e-05
vol_tmpfs_kvm,16384,1.3383415e-05
vol_tmpfs_kvm,16384,1.3160376e-05
vol_tmpfs_kvm,16384,1.3490995e-05
vol_tmpfs_kvm,16384,1.3881184e-05
vol_tmpfs_kvm,16384,1.3434371e-05
vol_tmpfs_kvm,16384,1.3892832e-05
vol_tmpfs_kvm,16384,1.3277055e-05
vol_tmpfs_kvm,16384,1.217523e-05
vol_tmpfs_kvm,16384,1.3949735e-05
vol_tmpfs_kvm,16384,1.3867737e-05
vol_tmpfs_kvm,16384,1.3090976e-05
vol_tmpfs_kvm,16384,1.3105004e-05
vol_tmpfs_kvm,65536,3.4830849e-05
vol_tmpfs_kvm,65536,2.9502611e-05
vol_tmpfs_kvm,65536,3.0152924e-05
vol_tmpfs_kvm,65536,3.3692406e-05
vol_tmpfs_kvm,65536,3.0271694e-05
vol_tmpfs_kvm,65536,3.1343607e-05
vol_tmpfs_kvm,65536,3.1072861e-05
vol_tmpfs_kvm,65536,3.080798e-05
vol_tmpfs_kvm,65536,2.6726628e-05
vol_tmpfs_kvm,65536,2.8436105e-05
vol_tmpfs_kvm,65536,3.014815e-05
vol_tmpfs_kvm,65536,2.9428249e-05
vol_tmpfs_kvm,65536,3.0817027e-05
vol_tmpfs_kvm,65536,2.9815474e-05
vol_tmpfs_kvm,65536,3.4228106e-05
vol_tmpfs_kvm,65536,3.0961815e-05
vol_tmpfs_kvm,65536,2.9130902e-05
vol_tmpfs_kvm,65536,2.9531002e-05
vol_tmpfs_kvm,65536,3.089926e-05
vol_tmpfs_kvm,65536,3.2040956e-05
vol_tmpfs_kvm,65536,3.277307e-05
vol_tmpfs_kvm,65536,3.4249257e-05
vol_tmpfs_kvm,65536,2.8791052e-05
vol_tmpfs_kvm,65536,3.1554075e-05
vol_tmpfs_kvm,65536,2.895356e-05
vol_tmpfs_kvm,65536,2.7850216e-05
vol_tmpfs_kvm,65536,2.9767323e-05
vol_tmpfs_kvm,65536,3.0838772e-05
vol_tmpfs_kvm,65536,3.1274121e-05
vol_tmpfs_kvm,65536,3.1564909e-05
vol_tmpfs_kvm,65536,2.8829541e-05
vol_tmpfs_kvm,65536,2.8871875e-05
vol_tmpfs_kvm,65536,2.9608809e-05
vol_tmpfs_kvm,65536,3.0743653e-05
vol_tmpfs_kvm,65536,2.9454894e-05
vol_tmpfs_kvm,65536,3.0907115e-05
vol_tmpfs_kvm,65536,2.9053164e-05
vol_tmpfs_kvm,65536,3.1938067e-05
vol_tmpfs_kvm,65536,3.00476e-05
vol_tmpfs_kvm,65536,3.0372239e-05
vol_tmpfs_kvm,65536,3.1120126e-05
vol_tmpfs_kvm,65536,2.9652505e-05
vol_tmpfs_kvm,65536,3.0002728e-05
vol_tmpfs_kvm,65536,3.0913718e-05
vol_tmpfs_kvm,65536,3.074871e-05
vol_tmpfs_kvm,65536,3.2593314e-05
vol_tmpfs_kvm,65536,3.0775624e-05
vol_tmpfs_kvm,65536,2.922881e-05
vol_tmpfs_kvm,65536,3.1339332e-05
vol_tmpfs_kvm,65536,3.1834938e-05
vol_tmpfs_kvm,65536,3.085487e-05
vol_tmpfs_kvm,65536,2.7371034e-05
vol_tmpfs_kvm,65536,3.1914718e-05
vol_tmpfs_kvm,65536,3.0835203e-05
vol_tmpfs_kvm,65536,2.9208431e-05
vol_tmpfs_kvm,65536,3.0533851e-05
vol_tmpfs_kvm,65536,3.4526878e-05
vol_tmpfs_kvm,65536,3.3369597e-05
vol_tmpfs_kvm,65536,3.0704898e-05
vol_tmpfs_kvm,65536,2.6165173e-05
vol_tmpfs_kvm,65536,3.0093983e-05
vol_tmpfs_kvm,65536,3.0965173e-05
vol_tmpfs_kvm,65536,2.8481863e-05
vol_tmpfs_kvm,65536,2.9646695e-05
vol_tmpfs_kvm,65536,3.0372172e-05
vol_tmpfs_kvm,65536,3.2620555e-05
vol_tmpfs_kvm,65536,3.045481e-05
vol_tmpfs_kvm,65536,2.9717894e-05
vol_tmpfs_kvm,65536,2.8056662e-05
vol_tmpfs_kvm,65536,3.0661413e-05
vol_tmpfs_kvm,65536,3.2138203e-05
vol_tmpfs_kvm,65536,3.0140149e-05
vol_tmpfs_kvm,65536,2.7866407e-05
vol_tmpfs_kvm,65536,3.3214506e-05
vol_tmpfs_kvm,65536,2.9668028e-05
vol_tmpfs_kvm,65536,3.044971e-05
vol_tmpfs_kvm,65536,2.8563334e-05
vol_tmpfs_kvm,65536,3.1075266e-05
vol_tmpfs_kvm,65536,3.2361528e-05
vol_tmpfs_kvm,65536,3.1075106e-05
vol_tmpfs_kvm,65536,2.8418584e-05
vol_tmpfs_kvm,65536,3.1454121e-05
vol_tmpfs_kvm,65536,2.9396866e-05
vol_tmpfs_kvm,65536,3.0560863e-05
vol_tmpfs_kvm,65536,2.7400827e-05
vol_tmpfs_kvm,65536,3.0091094e-05
vol_tmpfs_kvm,65536,3.291378e-05
vol_tmpfs_kvm,65536,2.9924126e-05
vol_tmpfs_kvm,65536,2.9625644e-05
vol_tmpfs_kvm,65536,2.6616734e-05
vol_tmpfs_kvm,65536,3.0494361e-05
vol_tmpfs_kvm,65536,2.9763847e-05
vol_tmpfs_kvm,65536,3.2133055e-05
vol_tmpfs_kvm,65536,2.9839961e-05
vol_tmpfs_kvm,65536,2.7678485e-05
vol_tmpfs_kvm,65536,2.8081644e-05
vol_tmpfs_kvm,65536,2.9834206e-05
vol_tmpfs_kvm,65536,2.9895604e-05
vol_tmpfs_kvm,65536,3.242847e-05
vol_tmpfs_kvm,65536,2.8903876e-05
vol_tmpfs_kvm,4096,1.1801367e-05
vol_tmpfs_kvm,4096,1.1350837e-05
vol_tmpfs_kvm,4096,1.3097952e-05
vol_tmpfs_kvm,4096,1.191267e-05
vol_tmpfs_kvm,4096,1.1231607e-05
vol_tmpfs_kvm,4096,1.1333625e-05
vol_tmpfs_kvm,4096,1.1778367e-05
vol_tmpfs_kvm,4096,1.2289023e-05
vol_tmpfs_kvm,4096,1.2247398e-05
vol_tmpfs_kvm,4096,1.1769181e-05
vol_tmpfs_kvm,4096,1.1484053e-05
vol_tmpfs_kvm,4096,1.2506459e-05
vol_tmpfs_kvm,4096,1.2359367e-05
vol_tmpfs_kvm,4096,1.1315899e-05
vol_tmpfs_kvm,4096,1.1314374e-05
vol_tmpfs_kvm,4096,1.1788431e-05
vol_tmpfs_kvm,4096,1.1918831e-05
vol_tmpfs_kvm,4096,1.2093324e-05
vol_tmpfs_kvm,4096,1.1655867e-05
vol_tmpfs_kvm,4096,1.1307177e-05
vol_tmpfs_kvm,4096,1.2715357e-05
vol_tmpfs_kvm,4096,1.1287469e-05
vol_tmpfs_kvm,4096,1.1786608e-05
vol_tmpfs_kvm,4096,1.1970013e-05
vol_tmpfs_kvm,4096,1.2052537e-05
vol_tmpfs_kvm,4096,1.1879559e-05
vol_tmpfs_kvm,4096,1.1810785e-05
vol_tmpfs_kvm,4096,1.112999e-05
vol_tmpfs_kvm,4096,1.1785826e-05
vol_tmpfs_kvm,4096,1.1549301e-05
vol_tmpfs_kvm,4096,1.1418865e-05
vol_tmpfs_kvm,4096,1.2635337e-05
vol_tmpfs_kvm,4096,1.194216e-05
vol_tmpfs_kvm,4096,1.1934564e-05
vol_tmpfs_kvm,4096,1.2665749e-05
vol_tmpfs_kvm,4096,1.1749135e-05
vol_tmpfs_kvm,4096,1.2115332e-05
vol_tmpfs_kvm,4096,1.0606834e-05
vol_tmpfs_kvm,4096,1.177064e-05
vol_tmpfs_kvm,4096,1.0373085e-05
vol_tmpfs_kvm,4096,1.1774901e-05
vol_tmpfs_kvm,4096,1.148906e-05
vol_tmpfs_kvm,4096,1.1798905e-05
vol_tmpfs_kvm,4096,1.1830616e-05
vol_tmpfs_kvm,4096,1.1152481e-05
vol_tmpfs_kvm,4096,1.2472027e-05
vol_tmpfs_kvm,4096,1.2318647e-05
vol_tmpfs_kvm,4096,1.247079e-05
vol_tmpfs_kvm,4096,1.1733824e-05
vol_tmpfs_kvm,4096,1.1764495e-05
vol_tmpfs_kvm,4096,1.1192335e-05
vol_tmpfs_kvm,4096,1.1687299e-05
vol_tmpfs_kvm,4096,1.1880158e-05
vol_tmpfs_kvm,4096,1.2227986e-05
vol_tmpfs_kvm,4096,1.2474193e-05
vol_tmpfs_kvm,4096,1.1611457e-05
vol_tmpfs_kvm,4096,1.1930301e-05
vol_tmpfs_kvm,4096,1.1757503e-05
vol_tmpfs_kvm,4096,1.2173622e-05
vol_tmpfs_kvm,4096,1.0961739e-05
vol_tmpfs_kvm,4096,1.0511637e-05
vol_tmpfs_kvm,4096,1.148518e-05
vol_tmpfs_kvm,4096,1.185074e-05
vol_tmpfs_kvm,4096,1.1796893e-05
vol_tmpfs_kvm,4096,1.167768e-05
vol_tmpfs_kvm,4096,1.1620746e-05
vol_tmpfs_kvm,4096,1.1094153e-05
vol_tmpfs_kvm,4096,1.2273169e-05
vol_tmpfs_kvm,4096,1.2168637e-05
vol_tmpfs_kvm,4096,1.2072445e-05
vol_tmpfs_kvm,4096,1.1109363e-05
vol_tmpfs_kvm,4096,1.2375814e-05
vol_tmpfs_kvm,4096,1.2316385e-05
vol_tmpfs_kvm,4096,1.1744789e-05
vol_tmpfs_kvm,4096,1.1710893e-05
vol_tmpfs_kvm,4096,1.1678479e-05
vol_tmpfs_kvm,4096,1.1892784e-05
vol_tmpfs_kvm,4096,1.1698582e-05
vol_tmpfs_kvm,4096,1.2146226e-05
vol_tmpfs_kvm,4096,1.1198193e-05
vol_tmpfs_kvm,4096,1.166743e-05
vol_tmpfs_kvm,4096,1.2040176e-05
vol_tmpfs_kvm,4096,1.2117733e-05
vol_tmpfs_kvm,4096,1.2495088e-05
vol_tmpfs_kvm,4096,1.2493078e-05
vol_tmpfs_kvm,4096,1.1833316e-05
vol_tmpfs_kvm,4096,1.2593414e-05
vol_tmpfs_kvm,4096,1.2880344e-05
vol_tmpfs_kvm,4096,1.1572076e-05
vol_tmpfs_kvm,4096,1.2393781e-05
vol_tmpfs_kvm,4096,1.1817884e-05
vol_tmpfs_kvm,4096,1.151829e-05
vol_tmpfs_kvm,4096,1.1864291e-05
vol_tmpfs_kvm,4096,1.1582933e-05
vol_tmpfs_kvm,4096,1.22965e-05
vol_tmpfs_kvm,4096,1.2272923e-05
vol_tmpfs_kvm,4096,1.1761788e-05
vol_tmpfs_kvm,4096,1.2256378e-05
vol_tmpfs_kvm,4096,1.1480892e-05
vol_tmpfs_kvm,4096,1.1880506e-05
vol_tmpfs_kvm,262144,8.0324389e-05
vol_tmpfs_kvm,262144,7.8942387e-05
vol_tmpfs_kvm,262144,8.8530382e-05
vol_tmpfs_kvm,262144,8.2217615e-05
vol_tmpfs_kvm,262144,7.8278259e-05
vol_tmpfs_kvm,262144,7.9611375e-05
vol_tmpfs_kvm,262144,8.1602157e-05
vol_tmpfs_kvm,262144,8.747328e-05
vol_tmpfs_kvm,262144,8.1744423e-05
vol_tmpfs_kvm,262144,7.8757934e-05
vol_tmpfs_kvm,262144,7.8744786e-05
vol_tmpfs_kvm,262144,7.7911718e-05
vol_tmpfs_kvm,262144,8.2242033e-05
vol_tmpfs_kvm,262144,8.229613e-05
vol_tmpfs_kvm,262144,7.8800054e-05
vol_tmpfs_kvm,262144,7.9742247e-05
vol_tmpfs_kvm,262144,8.2706181e-05
vol_tmpfs_kvm,262144,8.2683335e-05
vol_tmpfs_kvm,262144,8.7810018e-05
vol_tmpfs_kvm,262144,8.1085745e-05
vol_tmpfs_kvm,262144,8.4129693e-05
vol_tmpfs_kvm,262144,8.0935009e-05
vol_tmpfs_kvm,262144,7.7831784e-05
vol_tmpfs_kvm,262144,7.7571218e-05
vol_tmpfs_kvm,262144,8.7649758e-05
vol_tmpfs_kvm,262144,8.1105849e-05
vol_tmpfs_kvm,262144,8.264582e-05
vol_tmpfs_kvm,262144,8.0490448e-05
vol_tmpfs_kvm,262144,8.1003316e-05
vol_tmpfs_kvm,262144,8.3074941e-05
vol_tmpfs_kvm,262144,8.3160732e-05
vol_tmpfs_kvm,262144,8.7702276e-05
vol_tmpfs_kvm,262144,8.5422791e-05
vol_tmpfs_kvm,262144,8.0187623e-05
vol_tmpfs_kvm,262144,8.0082442e-05
vol_tmpfs_kvm,262144,8.2545674e-05
vol_tmpfs_kvm,262144,8.3492945e-05
vol_tmpfs_kvm,262144,8.0440237e-05
vol_tmpfs_kvm,262144,7.8493598e-05
vol_tmpfs_kvm,262144,8.0835875e-05
vol_tmpfs_kvm,262144,7.8908881e-05
vol_tmpfs_kvm,262144,8.5901702e-05
vol_tmpfs_kvm,262144,7.6536191e-05
vol_tmpfs_kvm,262144,7.9164303e-05
vol_tmpfs_kvm,262144,8.0610029e-05
vol_tmpfs_kvm,262144,8.3421204e-05
vol_tmpfs_kvm,262144,8.2473911e-05
vol_tmpfs_kvm,262144,7.5103417e-05
vol_tmpfs_kvm,262144,8.1110098e-05
vol_tmpfs_kvm,262144,7.8121149e-05
vol_tmpfs_kvm,262144,8.4120416e-05
vol_tmpfs_kvm,262144,7.7672157e-05
vol_tmpfs_kvm,262144,7.6912896e-05
vol_tmpfs_kvm,262144,8.4606792e-05
vol_tmpfs_kvm,262144,8.5346343e-05
vol_tmpfs_kvm,262144,7.8583631e-05
vol_tmpfs_kvm,262144,8.311322e-05
vol_tmpfs_kvm,262144,7.7067016e-05
vol_tmpfs_kvm,262144,8.534691e-05
vol_tmpfs_kvm,262144,8.0524092e-05
vol_tmpfs_kvm,262144,8.2634178e-05
vol_tmpfs_kvm,262144,8.2086925e-05
vol_tmpfs_kvm,262144,8.6283362e-05
vol_tmpfs_kvm,262144,8.0107158e-05
vol_tmpfs_kvm,262144,7.8435238e-05
vol_tmpfs_kvm,262144,7.6264274e-05
vol_tmpfs_kvm,262144,8.1552578e-05
vol_tmpfs_kvm,262144,7.803765e-05
vol_tmpfs_kvm,262144,8.2011516e-05
vol_tmpfs_kvm,262144,8.1307175e-05
vol_tmpfs_kvm,262144,7.6294236e-05
vol_tmpfs_kvm,262144,8.129295e-05
vol_tmpfs_kvm,262144,8.6424698e-05
vol_tmpfs_kvm,262144,7.6061442e-05
vol_tmpfs_kvm,262144,7.9427446e-05
vol_tmpfs_kvm,262144,7.7694312e-05
vol_tmpfs_kvm,262144,8.3282459e-05
vol_tmpfs_kvm,262144,8.2119361e-05
vol_tmpfs_kvm,262144,8.1603954e-05
vol_tmpfs_kvm,262144,8.2809725e-05
vol_tmpfs_kvm,262144,7.866029e-05
vol_tmpfs_kvm,262144,8.2719285e-05
vol_tmpfs_kvm,262144,8.3657753e-05
vol_tmpfs_kvm,262144,8.0504571e-05
vol_tmpfs_kvm,262144,8.2207414e-05
vol_tmpfs_kvm,262144,7.8169061e-05
vol_tmpfs_kvm,262144,7.9519661e-05
vol_tmpfs_kvm,262144,7.8375408e-05
vol_tmpfs_kvm,262144,8.0091973e-05
vol_tmpfs_kvm,262144,7.9298348e-05
vol_tmpfs_kvm,262144,8.2686754e-05
vol_tmpfs_kvm,262144,7.8436766e-05
vol_tmpfs_kvm,262144,7.7475117e-05
vol_tmpfs_kvm,262144,7.889569e-05
vol_tmpfs_kvm,262144,7.9402351e-05
vol_tmpfs_kvm,262144,7.6901088e-05
vol_tmpfs_kvm,262144,7.8060948e-05
vol_tmpfs_kvm,262144,8.1122787e-05
vol_tmpfs_kvm,262144,7.6992139e-05
vol_tmpfs_kvm,262144,7.9069279e-05
vol_tmpfs_kvm,1048576,0.000266693445
vol_tmpfs_kvm,1048576,0.000268691248
vol_tmpfs_kvm,1048576,0.000266442192
vol_tmpfs_kvm,1048576,0.000270686578
vol_tmpfs_kvm,1048576,0.000265769108
vol_tmpfs_kvm,1048576,0.00027286046
vol_tmpfs_kvm,1048576,0.000268698379
vol_tmpfs_kvm,1048576,0.00026469247
vol_tmpfs_kvm,1048576,0.000268860458
vol_tmpfs_kvm,1048576,0.000271030993
vol_tmpfs_kvm,1048576,0.000265580136
vol_tmpfs_kvm,1048576,0.000263919181
vol_tmpfs_kvm,1048576,0.000270932796
vol_tmpfs_kvm,1048576,0.000273996789
vol_tmpfs_kvm,1048576,0.00027687315
vol_tmpfs_kvm,1048576,0.000268370233
vol_tmpfs_kvm,1048576,0.000265735638
vol_tmpfs_kvm,1048576,0.000279098138
vol_tmpfs_kvm,1048576,0.000269848475
vol_tmpfs_kvm,1048576,0.000269047188
vol_tmpfs_kvm,1048576,0.000270022691
vol_tmpfs_kvm,1048576,0.00026890196
vol_tmpfs_kvm,1048576,0.000270633609
vol_tmpfs_kvm,1048576,0.000269487005
vol_tmpfs_kvm,1048576,0.00026730285
vol_tmpfs_kvm,1048576,0.000266280695
vol_tmpfs_kvm,1048576,0.000268133183
vol_tmpfs_kvm,1048576,0.000281578337
vol_tmpfs_kvm,1048576,0.000271731289
vol_tmpfs_kvm,1048576,0.000269422715
vol_tmpfs_kvm,1048576,0.000270024233
vol_tmpfs_kvm,1048576,0.000268774369
vol_tmpfs_kvm,1048576,0.000269895594
vol_tmpfs_kvm,1048576,0.00026551148
vol_tmpfs_kvm,1048576,0.000265648327
vol_tmpfs_kvm,1048576,0.000264307513
vol_tmpfs_kvm,1048576,0.000265354873
vol_tmpfs_kvm,1048576,0.000271004421
vol_tmpfs_kvm,1048576,0.000265430193
vol_tmpfs_kvm,1048576,0.00026778286
vol_tmpfs_kvm,1048576,0.000270299177
vol_tmpfs_kvm,1048576,0.000271607103
vol_tmpfs_kvm,1048576,0.000261532579
vol_tmpfs_kvm,1048576,0.000269362907
vol_tmpfs_kvm,1048576,0.000274958205
vol_tmpfs_kvm,1048576,0.000268161704
vol_tmpfs_kvm,1048576,0.000270035351
vol_tmpfs_kvm,1048576,0.000257970532
vol_tmpfs_kvm,1048576,0.000267244526
vol_tmpfs_kvm,1048576,0.000266046729
vol_tmpfs_kvm,1048576,0.000266704097
vol_tmpfs_kvm,1048576,0.000270042452
vol_tmpfs_kvm,1048576,0.000266901945
vol_tmpfs_kvm,1048576,0.000284809328
vol_tmpfs_kvm,1048576,0.000272356643
vol_tmpfs_kvm,1048576,0.000276486157
vol_tmpfs_kvm,1048576,0.000272566976
vol_tmpfs_kvm,1048576,0.00027360805
vol_tmpfs_kvm,1048576,0.000277048384
vol_tmpfs_kvm,1048576,0.000271771132
vol_tmpfs_kvm,1048576,0.000267101103
vol_tmpfs_kvm,1048576,0.000266709627
vol_tmpfs_kvm,1048576,0.000281503657
vol_tmpfs_kvm,1048576,0.000270727091
vol_tmpfs_kvm,1048576,0.000270264456
vol_tmpfs_kvm,1048576,0.000265957526
vol_tmpfs_kvm,1048576,0.000271156343
vol_tmpfs_kvm,1048576,0.000270098797
vol_tmpfs_kvm,1048576,0.000273918267
vol_tmpfs_kvm,1048576,0.000258294138
vol_tmpfs_kvm,1048576,0.000268256583
vol_tmpfs_kvm,1048576,0.000268347678
vol_tmpfs_kvm,1048576,0.000271153171
vol_tmpfs_kvm,1048576,0.000265299139
vol_tmpfs_kvm,1048576,0.000264755421
vol_tmpfs_kvm,1048576,0.000267810479
vol_tmpfs_kvm,1048576,0.000274711958
vol_tmpfs_kvm,1048576,0.00027601319
vol_tmpfs_kvm,1048576,0.000272340083
vol_tmpfs_kvm,1048576,0.000263961701
vol_tmpfs_kvm,1048576,0.000272673875
vol_tmpfs_kvm,1048576,0.000269757817
vol_tmpfs_kvm,1048576,0.000262520567
vol_tmpfs_kvm,1048576,0.000270074001
vol_tmpfs_kvm,1048576,0.0002715968
vol_tmpfs_kvm,1048576,0.000266144081
vol_tmpfs_kvm,1048576,0.000274201651
vol_tmpfs_kvm,1048576,0.000264918373
vol_tmpfs_kvm,1048576,0.000263436319
vol_tmpfs_kvm,1048576,0.000271714351
vol_tmpfs_kvm,1048576,0.000273604179
vol_tmpfs_kvm,1048576,0.000271146448
vol_tmpfs_kvm,1048576,0.000266962743
vol_tmpfs_kvm,1048576,0.000268523145
vol_tmpfs_kvm,1048576,0.000270934193
vol_tmpfs_kvm,1048576,0.000272077741
vol_tmpfs_kvm,1048576,0.000273880403
vol_tmpfs_kvm,1048576,0.000277860265
vol_tmpfs_kvm,1048576,0.000269015582
vol_tmpfs_kvm,1048576,0.000272925216
