tmpfs_bare,0,2.150738e-06
tmpfs_bare,0,1.994085e-06
tmpfs_bare,0,2.047131e-06
tmpfs_bare,0,2.051548e-06
tmpfs_bare,0,2.084723e-06
tmpfs_bare,0,2.038702e-06
tmpfs_bare,0,2.00585e-06
tmpfs_bare,0,2.064308e-06
tmpfs_bare,0,1.985361e-06
tmpfs_bare,0,2.021466e-06
tmpfs_bare,0,1.998343e-06
tmpfs_bare,0,2.016746e-06
tmpfs_bare,0,2.017853e-06
tmpfs_bare,0,2.09014e-06
tmpfs_bare,0,2.113374e-06
tmpfs_bare,0,2.022159e-06
tmpfs_bare,0,2.074417e-06
tmpfs_bare,0,2.0646e-06
tmpfs_bare,0,2.073625e-06
tmpfs_bare,0,1.996126e-06
tmpfs_bare,0,2.028921e-06
tmpfs_bare,0,1.969486e-06
tmpfs_bare,0,1.979222e-06
tmpfs_bare,0,2.122708e-06
tmpfs_bare,0,1.995872e-06
tmpfs_bare,0,2.02784e-06
tmpfs_bare,0,1.988576e-06
tmpfs_bare,0,2.019224e-06
tmpfs_bare,0,2.074763e-06
tmpfs_bare,0,1.986342e-06
tmpfs_bare,0,2.059787e-06
tmpfs_bare,0,2.041204e-06
tmpfs_bare,0,2.071106e-06
tmpfs_bare,0,2.023186e-06
tmpfs_bare,0,2.039297e-06
tmpfs_bare,0,1.972403e-06
tmpfs_bare,0,2.005304e-06
tmpfs_bare,0,1.957597e-06
tmpfs_bare,0,1.996236e-06
tmpfs_bare,0,1.998798e-06
tmpfs_bare,0,2.077068e-06
tmpfs_bare,0,1.970985e-06
tmpfs_bare,0,2.029287e-06
tmpfs_bare,0,2.096489e-06
tmpfs_bare,0,1.996149e-06
tmpfs_bare,0,2.097429e-06
tmpfs_bare,0,2.081458e-06
tmpfs_bare,0,2.083306e-06
tmpfs_bare,0,2.015897e-06
tmpfs_bare,0,2.069733e-06
tmpfs_bare,0,2.073283e-06
tmpfs_bare,0,1.951128e-06
tmpfs_bare,0,2.142427e-06
tmpfs_bare,0,2.059224e-06
tmpfs_bare,0,2.142295e-06
tmpfs_bare,0,2.049847e-06
tmpfs_bare,0,2.044321e-06
tmpfs_bare,0,2.149776e-06
tmpfs_bare,0,2.037881e-06
tmpfs_bare,0,2.169605e-06
tmpfs_bare,0,2.023906e-06
tmpfs_bare,0,2.008512e-06
tmpfs_bare,0,1.987012e-06
tmpfs_bare,0,1.977789e-06
tmpfs_bare,0,1.989934e-06
tmpfs_bare,0,1.981155e-06
tmpfs_bare,0,2.028308e-06
tmpfs_bare,0,1.981241e-06
tmpfs_bare,0,2.039381e-06
tmpfs_bare,0,2.040371e-06
tmpfs_bare,0,2.060506e-06
tmpfs_bare,0,2.082622e-06
tmpfs_bare,0,2.011443e-06
tmpfs_bare,0,2.016923e-06
tmpfs_bare,0,2.189157e-06
tmpfs_bare,0,2.016435e-06
tmpfs_bare,0,2.157103e-06
tmpfs_bare,0,2.077579e-06
tmpfs_bare,0,1.986546e-06
tmpfs_bare,0,2.021548e-06
tmpfs_bare,0,2.074539e-06
tmpfs_bare,0,2.01114e-06
tmpfs_bare,0,2.021716e-06
tmpfs_bare,0,2.004675e-06
tmpfs_bare,0,2.091496e-06
tmpfs_bare,0,2.013825e-06
tmpfs_bare,0,2.176637e-06
tmpfs_bare,0,2.154928e-06
tmpfs_bare,0,1.997294e-06
tmpfs_bare,0,2.183057e-06
tmpfs_bare,0,2.009753e-06
tmpfs_bare,0,2.058456e-06
tmpfs_bare,0,1.997229e-06
tmpfs_bare,0,2.025537e-06
tmpfs_bare,0,2.116166e-06
tmpfs_bare,0,1.989576e-06
tmpfs_bare,0,2.075941e-06
tmpfs_bare,0,2.118095e-06
tmpfs_bare,0,2.064551e-06
tmpfs_bare,0,2.023994e-06
tmpfs_runc,0,2.403998e-06
tmpfs_runc,0,2.413015e-06
tmpfs_runc,0,2.399134e-06
tmpfs_runc,0,2.380776e-06
tmpfs_runc,0,2.42107e-06
tmpfs_runc,0,2.371262e-06
tmpfs_runc,0,2.424083e-06
tmpfs_runc,0,2.423301e-06
tmpfs_runc,0,2.39246e-06
tmpfs_runc,0,2.40072e-06
tmpfs_runc,0,2.382662e-06
tmpfs_runc,0,2.418616e-06
tmpfs_runc,0,2.433287e-06
tmpfs_runc,0,2.384025e-06
tmpfs_runc,0,2.404615e-06
tmpfs_runc,0,2.412232e-06
tmpfs_runc,0,2.443405e-06
tmpfs_runc,0,2.381616e-06
tmpfs_runc,0,2.387119e-06
tmpfs_runc,0,2.635479e-06
tmpfs_runc,0,2.409083e-06
tmpfs_runc,0,2.401935e-06
tmpfs_runc,0,2.409713e-06
tmpfs_runc,0,2.505921e-06
tmpfs_runc,0,2.438348e-06
tmpfs_runc,0,2.412483e-06
tmpfs_runc,0,2.45842e-06
tmpfs_runc,0,2.39958e-06
tmpfs_runc,0,2.394753e-06
tmpfs_runc,0,2.41472e-06
tmpfs_runc,0,2.429082e-06
tmpfs_runc,0,2.392225e-06
tmpfs_runc,0,2.404403e-06
tmpfs_runc,0,2.402596e-06
tmpfs_runc,0,2.414447e-06
tmpfs_runc,0,2.419991e-06
tmpfs_runc,0,2.414635e-06
tmpfs_runc,0,2.384604e-06
tmpfs_runc,0,2.348658e-06
tmpfs_runc,0,2.394205e-06
tmpfs_runc,0,2.369764e-06
tmpfs_runc,0,2.383822e-06
tmpfs_runc,0,2.387931e-06
tmpfs_runc,0,2.443714e-06
tmpfs_runc,0,2.424447e-06
tmpfs_runc,0,2.390103e-06
tmpfs_runc,0,2.43193e-06
tmpfs_runc,0,2.389675e-06
tmpfs_runc,0,2.419801e-06
tmpfs_runc,0,2.407895e-06
tmpfs_runc,0,2.405456e-06
tmpfs_runc,0,2.40411e-06
tmpfs_runc,0,2.383781e-06
tmpfs_runc,0,2.404819e-06
tmpfs_runc,0,2.423927e-06
tmpfs_runc,0,2.42522e-06
tmpfs_runc,0,2.455338e-06
tmpfs_runc,0,2.431511e-06
tmpfs_runc,0,2.417592e-06
tmpfs_runc,0,2.43477e-06
tmpfs_runc,0,2.394526e-06
tmpfs_runc,0,2.412571e-06
tmpfs_runc,0,2.404118e-06
tmpfs_runc,0,2.416077e-06
tmpfs_runc,0,2.429359e-06
tmpfs_runc,0,2.387495e-06
tmpfs_runc,0,2.428651e-06
tmpfs_runc,0,2.423158e-06
tmpfs_runc,0,2.416758e-06
tmpfs_runc,0,2.388742e-06
tmpfs_runc,0,2.327272e-06
tmpfs_runc,0,2.409698e-06
tmpfs_runc,0,2.388797e-06
tmpfs_runc,0,2.311428e-06
tmpfs_runc,0,2.478933e-06
tmpfs_runc,0,2.414745e-06
tmpfs_runc,0,2.414827e-06
tmpfs_runc,0,2.435441e-06
tmpfs_runc,0,2.436074e-06
tmpfs_runc,0,2.397527e-06
tmpfs_runc,0,2.402819e-06
tmpfs_runc,0,2.390246e-06
tmpfs_runc,0,2.372104e-06
tmpfs_runc,0,2.42414e-06
tmpfs_runc,0,2.390344e-06
tmpfs_runc,0,2.397812e-06
tmpfs_runc,0,2.403694e-06
tmpfs_runc,0,2.405641e-06
tmpfs_runc,0,2.410753e-06
tmpfs_runc,0,2.414501e-06
tmpfs_runc,0,2.413815e-06
tmpfs_runc,0,2.374231e-06
tmpfs_runc,0,2.413071e-06
tmpfs_runc,0,2.409634e-06
tmpfs_runc,0,2.404777e-06
tmpfs_runc,0,2.415816e-06
tmpfs_runc,0,2.421549e-06
tmpfs_runc,0,2.410717e-06
tmpfs_runc,0,2.388139e-06
tmpfs_runc,0,2.403281e-06
tmpfs_runsc_kvm,0,2.8919501e-05
tmpfs_runsc_kvm,0,2.7811857e-05
tmpfs_runsc_kvm,0,2.8014223e-05
tmpfs_runsc_kvm,0,2.8290231e-05
tmpfs_runsc_kvm,0,2.9052428e-05
tmpfs_runsc_kvm,0,2.849365e-05
tmpfs_runsc_kvm,0,2.8527424e-05
tmpfs_runsc_kvm,0,2.8844042e-05
tmpfs_runsc_kvm,0,2.8086308e-05
tmpfs_runsc_kvm,0,2.8599945e-05
tmpfs_runsc_kvm,0,2.8909848e-05
tmpfs_runsc_kvm,0,2.8734488e-05
tmpfs_runsc_kvm,0,2.9573435e-05
tmpfs_runsc_kvm,0,2.9108043e-05
tmpfs_runsc_kvm,0,2.7888151e-05
tmpfs_runsc_kvm,0,2.892356e-05
tmpfs_runsc_kvm,0,2.8415921e-05
tmpfs_runsc_kvm,0,2.853689e-05
tmpfs_runsc_kvm,0,2.7923315e-05
tmpfs_runsc_kvm,0,2.8712058e-05
tmpfs_runsc_kvm,0,2.837928e-05
tmpfs_runsc_kvm,0,2.809027e-05
tmpfs_runsc_kvm,0,2.838583e-05
tmpfs_runsc_kvm,0,2.7919737e-05
tmpfs_runsc_kvm,0,2.8050667e-05
tmpfs_runsc_kvm,0,2.8660104e-05
tmpfs_runsc_kvm,0,2.7839196e-05
tmpfs_runsc_kvm,0,2.7047818e-05
tmpfs_runsc_kvm,0,2.8679024e-05
tmpfs_runsc_kvm,0,2.8899054e-05
tmpfs_runsc_kvm,0,2.8274855e-05
tmpfs_runsc_kvm,0,2.844267e-05
tmpfs_runsc_kvm,0,2.799944e-05
tmpfs_runsc_kvm,0,2.7855249e-05
tmpfs_runsc_kvm,0,2.8054337e-05
tmpfs_runsc_kvm,0,2.8182263e-05
tmpfs_runsc_kvm,0,2.8215765e-05
tmpfs_runsc_kvm,0,2.8680928e-05
tmpfs_runsc_kvm,0,2.8886723e-05
tmpfs_runsc_kvm,0,2.8051476e-05
tmpfs_runsc_kvm,0,2.850594e-05
tmpfs_runsc_kvm,0,2.867078e-05
tmpfs_runsc_kvm,0,2.8611144e-05
tmpfs_runsc_kvm,0,2.8276567e-05
tmpfs_runsc_kvm,0,2.7948458e-05
tmpfs_runsc_kvm,0,2.8286633e-05
tmpfs_runsc_kvm,0,2.8728717e-05
tmpfs_runsc_kvm,0,2.8443135e-05
tmpfs_runsc_kvm,0,2.7573156e-05
tmpfs_runsc_kvm,0,2.8509903e-05
tmpfs_runsc_kvm,0,2.8738776e-05
tmpfs_runsc_kvm,0,2.8492637e-05
tmpfs_runsc_kvm,0,2.9077506e-05
tmpfs_runsc_kvm,0,2.7876682e-05
tmpfs_runsc_kvm,0,2.8776851e-05
tmpfs_runsc_kvm,0,2.8562112e-05
tmpfs_runsc_kvm,0,2.8381533e-05
tmpfs_runsc_kvm,0,2.876842e-05
tmpfs_runsc_kvm,0,2.8134607e-05
tmpfs_runsc_kvm,0,2.8541688e-05
tmpfs_runsc_kvm,0,2.9345703e-05
tmpfs_runsc_kvm,0,2.8084345e-05
tmpfs_runsc_kvm,0,2.8014447e-05
tmpfs_runsc_kvm,0,2.8250479e-05
tmpfs_runsc_kvm,0,2.7854116e-05
tmpfs_runsc_kvm,0,2.8457225e-05
tmpfs_runsc_kvm,0,2.8248582e-05
tmpfs_runsc_kvm,0,2.8997678e-05
tmpfs_runsc_kvm,0,2.8952809e-05
tmpfs_runsc_kvm,0,2.813155e-05
tmpfs_runsc_kvm,0,2.9183295e-05
tmpfs_runsc_kvm,0,2.8070479e-05
tmpfs_runsc_kvm,0,2.8991353e-05
tmpfs_runsc_kvm,0,2.8362065e-05
tmpfs_runsc_kvm,0,2.8784239e-05
tmpfs_runsc_kvm,0,2.7843973e-05
tmpfs_runsc_kvm,0,2.8291801e-05
tmpfs_runsc_kvm,0,2.8928494e-05
tmpfs_runsc_kvm,0,2.8568087e-05
tmpfs_runsc_kvm,0,2.809396e-05
tmpfs_runsc_kvm,0,2.9096353e-05
tmpfs_runsc_kvm,0,2.8885173e-05
tmpfs_runsc_kvm,0,2.8828128e-05
tmpfs_runsc_kvm,0,2.8195944e-05
tmpfs_runsc_kvm,0,2.8287699e-05
tmpfs_runsc_kvm,0,2.8224349e-05
tmpfs_runsc_kvm,0,2.8707511e-05
tmpfs_runsc_kvm,0,2.7968306e-05
tmpfs_runsc_kvm,0,2.8598221e-05
tmpfs_runsc_kvm,0,2.7527209e-05
tmpfs_runsc_kvm,0,2.8902319e-05
tmpfs_runsc_kvm,0,2.8199658e-05
tmpfs_runsc_kvm,0,2.8864222e-05
tmpfs_runsc_kvm,0,2.8929815e-05
tmpfs_runsc_kvm,0,2.8156221e-05
tmpfs_runsc_kvm,0,2.8059592e-05
tmpfs_runsc_kvm,0,2.7701413e-05
tmpfs_runsc_kvm,0,2.7759283e-05
tmpfs_runsc_kvm,0,2.8298435e-05
tmpfs_runsc_kvm,0,2.8749266e-05
