vol_tmpfs_kvm,0,0.000503486081
vol_tmpfs_kvm,0,0.000495690852
vol_tmpfs_kvm,0,0.00050414697
vol_tmpfs_kvm,0,0.000509399513
vol_tmpfs_kvm,0,0.000509006088
vol_tmpfs_kvm,0,0.000498467882
vol_tmpfs_kvm,0,0.000526523334
vol_tmpfs_kvm,0,0.000510286773
vol_tmpfs_kvm,0,0.000546293799
vol_tmpfs_kvm,0,0.000507417775
vol_tmpfs_kvm,0,0.000567344658
vol_tmpfs_kvm,0,0.000541492365
vol_tmpfs_kvm,0,0.000492317136
vol_tmpfs_kvm,0,0.000506278127
vol_tmpfs_kvm,0,0.000513798266
vol_tmpfs_kvm,0,0.000515412714
vol_tmpfs_kvm,0,0.000509171514
vol_tmpfs_kvm,0,0.000517128443
vol_tmpfs_kvm,0,0.000535390747
vol_tmpfs_kvm,0,0.000513300998
vol_tmpfs_kvm,0,0.000526309828
vol_tmpfs_kvm,0,0.000524473435
vol_tmpfs_kvm,0,0.000527265831
vol_tmpfs_kvm,0,0.000530149962
vol_tmpfs_kvm,0,0.000493515981
vol_tmpfs_kvm,0,0.000511304708
vol_tmpfs_kvm,0,0.000556269661
vol_tmpfs_kvm,0,0.000563988637
vol_tmpfs_kvm,0,0.000522732327
vol_tmpfs_kvm,0,0.000545655377
vol_tmpfs_kvm,0,0.000549344637
vol_tmpfs_kvm,0,0.000508612837
vol_tmpfs_kvm,0,0.000508920639
vol_tmpfs_kvm,0,0.000516326167
vol_tmpfs_kvm,0,0.000534301158
vol_tmpfs_kvm,0,0.000505468633
vol_tmpfs_kvm,0,0.000528417702
vol_tmpfs_kvm,0,0.000531874597
vol_tmpfs_kvm,0,0.000534358143
vol_tmpfs_kvm,0,0.000513885461
vol_tmpfs_kvm,0,0.000520253263
vol_tmpfs_kvm,0,0.000512683939
vol_tmpfs_kvm,0,0.000515470747
vol_tmpfs_kvm,0,0.000525000505
vol_tmpfs_kvm,0,0.000509563601
vol_tmpfs_kvm,0,0.000507946243
vol_tmpfs_kvm,0,0.000483141892
vol_tmpfs_kvm,0,0.000506989192
vol_tmpfs_kvm,0,0.000496094057
vol_tmpfs_kvm,0,0.000503815652
vol_tmpfs_kvm,0,0.000513338484
vol_tmpfs_kvm,0,0.000572364894
vol_tmpfs_kvm,0,0.000520139642
vol_tmpfs_kvm,0,0.000501601491
vol_tmpfs_kvm,0,0.000516660919
vol_tmpfs_kvm,0,0.000553914579
vol_tmpfs_kvm,0,0.000507160672
vol_tmpfs_kvm,0,0.000508140598
vol_tmpfs_kvm,0,0.000511670543
vol_tmpfs_kvm,0,0.000507326564
vol_tmpfs_kvm,0,0.000529497396
vol_tmpfs_kvm,0,0.000505940232
vol_tmpfs_kvm,0,0.000505649892
vol_tmpfs_kvm,0,0.000514979649
vol_tmpfs_kvm,0,0.000514354382
vol_tmpfs_kvm,0,0.000502825831
vol_tmpfs_kvm,0,0.000512185739
vol_tmpfs_kvm,0,0.000519527413
vol_tmpfs_kvm,0,0.000529994897
vol_tmpfs_kvm,0,0.000512211176
vol_tmpfs_kvm,0,0.000498218869
vol_tmpfs_kvm,0,0.000509657373
vol_tmpfs_kvm,0,0.000518737943
vol_tmpfs_kvm,0,0.000506780692
vol_tmpfs_kvm,0,0.000512972358
vol_tmpfs_kvm,0,0.000558633357
vol_tmpfs_kvm,0,0.000519713911
vol_tmpfs_kvm,0,0.000574626378
vol_tmpfs_kvm,0,0.000493600208
vol_tmpfs_kvm,0,0.000530110614
vol_tmpfs_kvm,0,0.00058985356
vol_tmpfs_kvm,0,0.000509646954
vol_tmpfs_kvm,0,0.00051546871
vol_tmpfs_kvm,0,0.000510809885
vol_tmpfs_kvm,0,0.000504297263
vol_tmpfs_kvm,0,0.000487252692
vol_tmpfs_kvm,0,0.00051450578
vol_tmpfs_kvm,0,0.000508582452
vol_tmpfs_kvm,0,0.000515422376
vol_tmpfs_kvm,0,0.00050232897
vol_tmpfs_kvm,0,0.000503103132
vol_tmpfs_kvm,0,0.000507264864
vol_tmpfs_kvm,0,0.000540730078
vol_tmpfs_kvm,0,0.000491666433
vol_tmpfs_kvm,0,0.000517931185
vol_tmpfs_kvm,0,0.000510479382
vol_tmpfs_kvm,0,0.000569758005
vol_tmpfs_kvm,0,0.000497538247
vol_tmpfs_kvm,0,0.000522841408
vol_tmpfs_kvm,0,0.000504233292
