runc,Python,552
runc,Python,579
runc,Python,583
runc,Python,603
runc,Python,589
runc,Python,566
runc,Python,596
runc,Python,591
runc,Python,573
runc,Python,589
runc,Python,593
runc,Python,563
runc,Python,591
runc,Python,588
runc,Python,542
runc,Python,560
runc,Python,566
runc,Python,574
runc,Python,610
runc,Python,563
runc,Python,557
runc,Python,561
runc,Python,577
runc,Python,583
runc,Python,553
runc,Python,561
runc,Python,585
runc,Python,578
runc,Python,634
runc,Python,622
runc,Python,592
runc,Python,550
runc,Python,597
runc,Python,584
runc,Python,568
runc,Python,599
runc,Python,595
runc,Python,532
runc,Python,616
runc,Python,587
runc,Python,582
runc,Python,601
runc,Python,584
runc,Python,570
runc,Python,577
runc,Python,579
runc,Python,585
runc,Python,574
runc,Python,568
runc,Python,561
runc,Python,583
runc,Python,568
runc,Python,582
runc,Python,590
runc,Python,585
runc,Python,566
runc,Python,590
runc,Python,603
runc,Python,578
runc,Python,618
runc,Python,553
runc,Python,612
runc,Python,588
runc,Python,588
runc,Python,544
runc,Python,605
runc,Python,575
runc,Python,585
runc,Python,554
runc,Python,555
runc,Python,603
runc,Python,578
runc,Python,570
runc,Python,587
runc,Python,571
runc,Python,610
runc,Python,577
runc,Python,566
runc,Python,581
runc,Python,553
runc,Python,583
runc,Python,581
runc,Python,576
runc,Python,568
runc,Python,536
runc,Python,568
runc,Python,574
runc,Python,580
runc,Python,570
runc,Python,578
runc,Python,592
runc,Python,598
runc,Python,610
runc,Python,597
runc,Python,583
runc,Python,576
runc,Python,579
runc,Python,557
runc,Python,590
runc,Python,598
runc_tmpfs,Python,537
runc_tmpfs,Python,598
runc_tmpfs,Python,550
runc_tmpfs,Python,581
runc_tmpfs,Python,567
runc_tmpfs,Python,572
runc_tmpfs,Python,583
runc_tmpfs,Python,564
runc_tmpfs,Python,581
runc_tmpfs,Python,576
runc_tmpfs,Python,564
runc_tmpfs,Python,605
runc_tmpfs,Python,597
runc_tmpfs,Python,637
runc_tmpfs,Python,584
runc_tmpfs,Python,537
runc_tmpfs,Python,552
runc_tmpfs,Python,611
runc_tmpfs,Python,553
runc_tmpfs,Python,583
runc_tmpfs,Python,583
runc_tmpfs,Python,586
runc_tmpfs,Python,582
runc_tmpfs,Python,588
runc_tmpfs,Python,597
runc_tmpfs,Python,584
runc_tmpfs,Python,544
runc_tmpfs,Python,613
runc_tmpfs,Python,567
runc_tmpfs,Python,575
runc_tmpfs,Python,590
runc_tmpfs,Python,623
runc_tmpfs,Python,580
runc_tmpfs,Python,540
runc_tmpfs,Python,612
runc_tmpfs,Python,579
runc_tmpfs,Python,565
runc_tmpfs,Python,572
runc_tmpfs,Python,596
runc_tmpfs,Python,619
runc_tmpfs,Python,605
runc_tmpfs,Python,582
runc_tmpfs,Python,605
runc_tmpfs,Python,581
runc_tmpfs,Python,596
runc_tmpfs,Python,561
runc_tmpfs,Python,565
runc_tmpfs,Python,575
runc_tmpfs,Python,583
runc_tmpfs,Python,585
runc_tmpfs,Python,566
runc_tmpfs,Python,551
runc_tmpfs,Python,602
runc_tmpfs,Python,587
runc_tmpfs,Python,594
runc_tmpfs,Python,581
runc_tmpfs,Python,583
runc_tmpfs,Python,580
runc_tmpfs,Python,591
runc_tmpfs,Python,594
runc_tmpfs,Python,620
runc_tmpfs,Python,604
runc_tmpfs,Python,611
runc_tmpfs,Python,609
runc_tmpfs,Python,576
runc_tmpfs,Python,577
runc_tmpfs,Python,583
runc_tmpfs,Python,582
runc_tmpfs,Python,574
runc_tmpfs,Python,608
runc_tmpfs,Python,566
runc_tmpfs,Python,584
runc_tmpfs,Python,555
runc_tmpfs,Python,611
runc_tmpfs,Python,579
runc_tmpfs,Python,577
runc_tmpfs,Python,566
runc_tmpfs,Python,602
runc_tmpfs,Python,570
runc_tmpfs,Python,579
runc_tmpfs,Python,517
runc_tmpfs,Python,579
runc_tmpfs,Python,581
runc_tmpfs,Python,560
runc_tmpfs,Python,597
runc_tmpfs,Python,602
runc_tmpfs,Python,569
runc_tmpfs,Python,560
runc_tmpfs,Python,612
runc_tmpfs,Python,599
runc_tmpfs,Python,574
runc_tmpfs,Python,569
runc_tmpfs,Python,589
runc_tmpfs,Python,567
runc_tmpfs,Python,565
runc_tmpfs,Python,582
runc_tmpfs,Python,557
runc_tmpfs,Python,580
runc_tmpfs,Python,550
runc_tmpfs,Python,569
runsc_kvm,Python,592
runsc_kvm,Python,632
runsc_kvm,Python,633
runsc_kvm,Python,596
runsc_kvm,Python,585
runsc_kvm,Python,643
runsc_kvm,Python,677
runsc_kvm,Python,643
runsc_kvm,Python,574
runsc_kvm,Python,613
runsc_kvm,Python,616
runsc_kvm,Python,580
runsc_kvm,Python,641
runsc_kvm,Python,594
runsc_kvm,Python,613
runsc_kvm,Python,624
runsc_kvm,Python,608
runsc_kvm,Python,579
runsc_kvm,Python,631
runsc_kvm,Python,602
runsc_kvm,Python,614
runsc_kvm,Python,651
runsc_kvm,Python,607
runsc_kvm,Python,646
runsc_kvm,Python,643
runsc_kvm,Python,637
runsc_kvm,Python,630
runsc_kvm,Python,595
runsc_kvm,Python,638
runsc_kvm,Python,593
runsc_kvm,Python,581
runsc_kvm,Python,600
runsc_kvm,Python,613
runsc_kvm,Python,658
runsc_kvm,Python,633
runsc_kvm,Python,621
runsc_kvm,Python,612
runsc_kvm,Python,618
runsc_kvm,Python,590
runsc_kvm,Python,612
runsc_kvm,Python,611
runsc_kvm,Python,627
runsc_kvm,Python,645
runsc_kvm,Python,605
runsc_kvm,Python,640
runsc_kvm,Python,584
runsc_kvm,Python,682
runsc_kvm,Python,582
runsc_kvm,Python,600
runsc_kvm,Python,663
runsc_kvm,Python,611
runsc_kvm,Python,592
runsc_kvm,Python,644
runsc_kvm,Python,636
runsc_kvm,Python,606
runsc_kvm,Python,588
runsc_kvm,Python,635
runsc_kvm,Python,599
runsc_kvm,Python,595
runsc_kvm,Python,626
runsc_kvm,Python,634
runsc_kvm,Python,570
runsc_kvm,Python,605
runsc_kvm,Python,563
runsc_kvm,Python,685
runsc_kvm,Python,615
runsc_kvm,Python,622
runsc_kvm,Python,592
runsc_kvm,Python,634
runsc_kvm,Python,606
runsc_kvm,Python,625
runsc_kvm,Python,580
runsc_kvm,Python,614
runsc_kvm,Python,623
runsc_kvm,Python,631
runsc_kvm,Python,601
runsc_kvm,Python,637
runsc_kvm,Python,624
runsc_kvm,Python,629
runsc_kvm,Python,629
runsc_kvm,Python,638
runsc_kvm,Python,596
runsc_kvm,Python,620
runsc_kvm,Python,639
runsc_kvm,Python,598
runsc_kvm,Python,606
runsc_kvm,Python,590
runsc_kvm,Python,608
runsc_kvm,Python,622
runsc_kvm,Python,621
runsc_kvm,Python,591
runsc_kvm,Python,604
runsc_kvm,Python,608
runsc_kvm,Python,641
runsc_kvm,Python,586
runsc_kvm,Python,604
runsc_kvm,Python,598
runsc_kvm,Python,637
runsc_kvm,Python,668
runsc_kvm,Python,641
runsc_kvm_tmpfs,Python,618
runsc_kvm_tmpfs,Python,637
runsc_kvm_tmpfs,Python,581
runsc_kvm_tmpfs,Python,592
runsc_kvm_tmpfs,Python,606
runsc_kvm_tmpfs,Python,636
runsc_kvm_tmpfs,Python,616
runsc_kvm_tmpfs,Python,603
runsc_kvm_tmpfs,Python,597
runsc_kvm_tmpfs,Python,608
runsc_kvm_tmpfs,Python,598
runsc_kvm_tmpfs,Python,627
runsc_kvm_tmpfs,Python,643
runsc_kvm_tmpfs,Python,628
runsc_kvm_tmpfs,Python,645
runsc_kvm_tmpfs,Python,555
runsc_kvm_tmpfs,Python,606
runsc_kvm_tmpfs,Python,628
runsc_kvm_tmpfs,Python,623
runsc_kvm_tmpfs,Python,566
runsc_kvm_tmpfs,Python,641
runsc_kvm_tmpfs,Python,613
runsc_kvm_tmpfs,Python,636
runsc_kvm_tmpfs,Python,632
runsc_kvm_tmpfs,Python,594
runsc_kvm_tmpfs,Python,623
runsc_kvm_tmpfs,Python,650
runsc_kvm_tmpfs,Python,592
runsc_kvm_tmpfs,Python,632
runsc_kvm_tmpfs,Python,600
runsc_kvm_tmpfs,Python,621
runsc_kvm_tmpfs,Python,592
runsc_kvm_tmpfs,Python,628
runsc_kvm_tmpfs,Python,615
runsc_kvm_tmpfs,Python,605
runsc_kvm_tmpfs,Python,658
runsc_kvm_tmpfs,Python,613
runsc_kvm_tmpfs,Python,602
runsc_kvm_tmpfs,Python,581
runsc_kvm_tmpfs,Python,642
runsc_kvm_tmpfs,Python,566
runsc_kvm_tmpfs,Python,610
runsc_kvm_tmpfs,Python,615
runsc_kvm_tmpfs,Python,618
runsc_kvm_tmpfs,Python,622
runsc_kvm_tmpfs,Python,571
runsc_kvm_tmpfs,Python,589
runsc_kvm_tmpfs,Python,647
runsc_kvm_tmpfs,Python,617
runsc_kvm_tmpfs,Python,597
runsc_kvm_tmpfs,Python,591
runsc_kvm_tmpfs,Python,591
runsc_kvm_tmpfs,Python,589
runsc_kvm_tmpfs,Python,652
runsc_kvm_tmpfs,Python,613
runsc_kvm_tmpfs,Python,607
runsc_kvm_tmpfs,Python,601
runsc_kvm_tmpfs,Python,613
runsc_kvm_tmpfs,Python,613
runsc_kvm_tmpfs,Python,662
runsc_kvm_tmpfs,Python,570
runsc_kvm_tmpfs,Python,604
runsc_kvm_tmpfs,Python,627
runsc_kvm_tmpfs,Python,644
runsc_kvm_tmpfs,Python,600
runsc_kvm_tmpfs,Python,626
runsc_kvm_tmpfs,Python,625
runsc_kvm_tmpfs,Python,628
runsc_kvm_tmpfs,Python,636
runsc_kvm_tmpfs,Python,605
runsc_kvm_tmpfs,Python,605
runsc_kvm_tmpfs,Python,619
runsc_kvm_tmpfs,Python,609
runsc_kvm_tmpfs,Python,634
runsc_kvm_tmpfs,Python,584
runsc_kvm_tmpfs,Python,613
runsc_kvm_tmpfs,Python,597
runsc_kvm_tmpfs,Python,643
runsc_kvm_tmpfs,Python,601
runsc_kvm_tmpfs,Python,586
runsc_kvm_tmpfs,Python,634
runsc_kvm_tmpfs,Python,584
runsc_kvm_tmpfs,Python,624
runsc_kvm_tmpfs,Python,644
runsc_kvm_tmpfs,Python,636
runsc_kvm_tmpfs,Python,617
runsc_kvm_tmpfs,Python,576
runsc_kvm_tmpfs,Python,600
runsc_kvm_tmpfs,Python,630
runsc_kvm_tmpfs,Python,591
runsc_kvm_tmpfs,Python,665
runsc_kvm_tmpfs,Python,606
runsc_kvm_tmpfs,Python,613
runsc_kvm_tmpfs,Python,567
runsc_kvm_tmpfs,Python,607
runsc_kvm_tmpfs,Python,666
runsc_kvm_tmpfs,Python,619
runsc_kvm_tmpfs,Python,597
runsc_kvm_tmpfs,Python,586
runsc_kvm_tmpfs,Python,590
